kilometraje;precio;año;modelo_Model 3;modelo_Model S;modelo_Model X;modelo_Model Y;color_azul;color_blanco;color_gris;color_marron;color_negro;color_plata;color_rojo;pais_España;pais_Francia;pais_Portugal
6197;88890;2024;False;True;False;False;True;False;False;False;False;False;False;True;False;False
997;90270;2024;False;True;False;False;True;False;False;False;False;False;False;True;False;False
577;90520;2024;False;True;False;False;False;False;False;False;True;False;False;True;False;False
1151;91080;2024;False;True;False;False;False;False;True;False;False;False;False;True;False;False
27;91790;2024;False;True;False;False;False;False;True;False;False;False;False;True;False;False
16;97500;2024;False;True;False;False;False;False;False;False;False;True;False;True;False;False
503;99600;2024;False;True;False;False;False;True;False;False;False;False;False;True;False;False
3652;101270;2024;False;True;False;False;False;False;False;False;True;False;False;True;False;False
98;102270;2024;False;True;False;False;False;True;False;False;False;False;False;True;False;False
0;102270;2024;False;True;False;False;False;True;False;False;False;False;False;True;False;False
1700;102320;2024;False;True;False;False;False;False;False;False;True;False;False;True;False;False
0;102330;2024;False;True;False;False;False;False;True;False;False;False;False;True;False;False
25;111430;2024;False;True;False;False;False;False;False;False;False;True;False;True;False;False
21;115240;2024;False;True;False;False;True;False;False;False;False;False;False;True;False;False
20;116660;2024;False;True;False;False;False;False;True;False;False;False;False;True;False;False
3057;36050;2024;True;False;False;False;False;False;False;False;False;True;False;True;False;False
6578;36190;2024;True;False;False;False;True;False;False;False;False;False;False;True;False;False
5915;37010;2024;True;False;False;False;False;False;False;False;False;True;False;True;False;False
0;37770;2024;True;False;False;False;True;False;False;False;False;False;False;True;False;False
39;38080;2024;True;False;False;False;False;False;False;False;False;True;False;True;False;False
3906;38300;2024;True;False;False;False;False;False;True;False;False;False;False;True;False;False
0;38470;2024;True;False;False;False;False;False;False;False;False;True;False;True;False;False
0;38470;2024;True;False;False;False;False;False;False;False;False;False;True;True;False;False
15;38520;2024;True;False;False;False;False;False;False;False;False;False;True;True;False;False
73;38770;2024;True;False;False;False;False;False;False;False;True;False;False;True;False;False
0;39120;2024;True;False;False;False;True;False;False;False;False;False;False;True;False;False
0;41470;2024;True;False;False;False;False;True;False;False;False;False;False;True;False;False
2203;42640;2024;True;False;False;False;False;True;False;False;False;False;False;True;False;False
0;42770;2024;True;False;False;False;False;False;False;False;True;False;False;True;False;False
4790;43560;2024;True;False;False;False;False;True;False;False;False;False;False;True;False;False
0;43750;2024;True;False;False;False;False;False;False;False;True;False;False;True;False;False
7381;43870;2024;True;False;False;False;False;False;False;False;False;True;False;True;False;False
6448;44060;2024;True;False;False;False;False;False;False;False;False;True;False;True;False;False
2051;44360;2024;True;False;False;False;False;False;False;False;False;False;True;True;False;False
0;44370;2024;True;False;False;False;False;False;False;False;True;False;False;True;False;False
13;45070;2024;True;False;False;False;False;False;False;False;True;False;False;True;False;False
222;45220;2024;True;False;False;False;False;False;False;False;True;False;False;True;False;False
1203;45370;2024;True;False;False;False;False;False;False;False;False;True;False;True;False;False
0;45470;2024;True;False;False;False;False;True;False;False;False;False;False;True;False;False
0;45750;2024;True;False;False;False;False;False;False;False;False;True;False;True;False;False
26;45770;2024;True;False;False;False;True;False;False;False;False;False;False;True;False;False
4446;45990;2024;True;False;False;False;False;False;False;False;False;True;False;True;False;False
0;46530;2024;True;False;False;False;True;False;False;False;False;False;False;True;False;False
3380;46600;2024;True;False;False;False;True;False;False;False;False;False;False;True;False;False
440;46640;2024;True;False;False;False;False;True;False;False;False;False;False;True;False;False
0;46770;2024;True;False;False;False;False;False;True;False;False;False;False;True;False;False
0;46770;2024;True;False;False;False;True;False;False;False;False;False;False;True;False;False
13;46990;2024;True;False;False;False;False;False;False;False;False;True;False;True;False;False
0;47470;2024;True;False;False;False;False;False;False;False;False;True;False;True;False;False
0;48120;2024;True;False;False;False;False;False;True;False;False;False;False;True;False;False
0;48370;2024;True;False;False;False;False;False;True;False;False;False;False;True;False;False
20;49070;2024;True;False;False;False;False;True;False;False;False;False;False;True;False;False
0;49420;2024;True;False;False;False;False;False;True;False;False;False;False;True;False;False
3853;54660;2024;True;False;False;False;False;False;False;False;True;False;False;True;False;False
3325;54860;2024;True;False;False;False;False;False;True;False;False;False;False;True;False;False
1726;55390;2024;True;False;False;False;False;False;False;False;True;False;False;True;False;False
13;56020;2024;True;False;False;False;False;False;True;False;False;False;False;True;False;False
0;59770;2024;True;False;False;False;True;False;False;False;False;False;False;True;False;False
0;59770;2024;True;False;False;False;False;False;False;False;True;False;False;True;False;False
0;60820;2024;True;False;False;False;False;False;False;False;True;False;False;True;False;False
0;60820;2024;True;False;False;False;False;False;True;False;False;False;False;True;False;False
3648;95860;2024;False;False;True;False;False;True;False;False;False;False;False;True;False;False
5936;100160;2024;False;False;True;False;False;True;False;False;False;False;False;True;False;False
4086;100570;2024;False;False;True;False;False;False;False;False;True;False;False;True;False;False
1015;100940;2024;False;False;True;False;False;True;False;False;False;False;False;True;False;False
5681;102220;2024;False;False;True;False;False;False;False;False;True;False;False;True;False;False
1405;102640;2024;False;False;True;False;False;True;False;False;False;False;False;True;False;False
0;104370;2024;False;False;True;False;False;True;False;False;False;False;False;True;False;False
208;104730;2024;False;False;True;False;False;False;True;False;False;False;False;True;False;False
34;106050;2024;False;False;True;False;False;True;False;False;False;False;False;True;False;False
3295;106910;2024;False;False;True;False;False;True;False;False;False;False;False;True;False;False
0;107870;2024;False;False;True;False;False;False;False;False;False;True;False;True;False;False
23;109540;2024;False;False;True;False;False;False;False;False;False;True;False;True;False;False
3206;109710;2024;False;False;True;False;False;False;False;False;True;False;False;True;False;False
0;110270;2024;False;False;True;False;False;True;False;False;False;False;False;True;False;False
60;111440;2024;False;False;True;False;False;True;False;False;False;False;False;True;False;False
32;113820;2024;False;False;True;False;False;False;True;False;False;False;False;True;False;False
0;115670;2024;False;False;True;False;False;True;False;False;False;False;False;True;False;False
0;116170;2024;False;False;True;False;False;False;False;False;True;False;False;True;False;False
0;118070;2024;False;False;True;False;False;False;False;False;False;True;False;True;False;False
0;118070;2024;False;False;True;False;False;True;False;False;False;False;False;True;False;False
92;118070;2024;False;False;True;False;False;True;False;False;False;False;False;True;False;False
0;118720;2024;False;False;True;False;False;False;False;False;False;True;False;True;False;False
0;119670;2024;False;False;True;False;False;False;False;False;True;False;False;True;False;False
25;119820;2024;False;False;True;False;False;False;False;False;False;False;True;True;False;False
8864;42140;2024;False;False;False;True;False;False;False;False;True;False;False;True;False;False
18609;42150;2024;False;False;False;True;False;True;False;False;False;False;False;True;False;False
5950;42670;2024;False;False;False;True;False;False;False;False;True;False;False;True;False;False
2582;43780;2024;False;False;False;True;False;False;False;False;False;True;False;True;False;False
0;44260;2024;False;False;False;True;False;True;False;False;False;False;False;True;False;False
6314;44390;2024;False;False;False;True;False;True;False;False;False;False;False;True;False;False
5673;44770;2024;False;False;False;True;False;False;False;False;True;False;False;True;False;False
31;45090;2024;False;False;False;True;False;False;False;False;False;False;True;True;False;False
0;45310;2024;False;False;False;True;False;True;False;False;False;False;False;True;False;False
17306;45370;2024;False;False;False;True;False;False;False;False;False;True;False;True;False;False
8712;45370;2024;False;False;False;True;False;True;False;False;False;False;False;True;False;False
8297;45420;2024;False;False;False;True;False;True;False;False;False;False;False;True;False;False
0;45560;2024;False;False;False;True;True;False;False;False;False;False;False;True;False;False
0;45560;2024;False;False;False;True;False;False;False;False;True;False;False;True;False;False
1317;45660;2024;False;False;False;True;False;True;False;False;False;False;False;True;False;False
5127;45890;2024;False;False;False;True;True;False;False;False;False;False;False;True;False;False
0;46360;2024;False;False;False;True;False;True;False;False;False;False;False;True;False;False
4317;46700;2024;False;False;False;True;False;False;False;False;False;False;True;True;False;False
1011;46720;2024;False;False;False;True;False;False;False;False;False;False;True;True;False;False
0;46760;2024;False;False;False;True;False;True;False;False;False;False;False;True;False;False
1991;46840;2024;False;False;False;True;False;True;False;False;False;False;False;True;False;False
0;46860;2024;False;False;False;True;False;False;False;False;False;True;False;True;False;False
3485;46950;2024;False;False;False;True;False;False;False;False;False;False;True;True;False;False
0;47140;2024;False;False;False;True;False;False;False;False;True;False;False;True;False;False
4460;47490;2024;False;False;False;True;False;True;False;False;False;False;False;True;False;False
0;47660;2024;False;False;False;True;True;False;False;False;False;False;False;True;False;False
7086;48060;2024;False;False;False;True;False;True;False;False;False;False;False;True;False;False
0;48060;2024;False;False;False;True;True;False;False;False;False;False;False;True;False;False
0;48060;2024;False;False;False;True;False;False;False;False;True;False;False;True;False;False
2545;48070;2024;False;False;False;True;False;True;False;False;False;False;False;True;False;False
3294;48930;2024;False;False;False;True;False;False;False;False;False;True;False;True;False;False
2036;49040;2024;False;False;False;True;False;True;False;False;False;False;False;True;False;False
0;49110;2024;False;False;False;True;False;False;False;False;True;False;False;True;False;False
0;49360;2024;False;False;False;True;False;False;False;False;False;False;True;True;False;False
0;49410;2024;False;False;False;True;True;False;False;False;False;False;False;True;False;False
948;49460;2024;False;False;False;True;False;True;False;False;False;False;False;True;False;False
55;49740;2024;False;False;False;True;False;True;False;False;False;False;False;True;False;False
4018;49830;2024;False;False;False;True;False;False;False;False;False;True;False;True;False;False
401;49840;2024;False;False;False;True;False;True;False;False;False;False;False;True;False;False
4042;50400;2024;False;False;False;True;False;False;False;False;False;False;True;True;False;False
0;50410;2024;False;False;False;True;False;False;False;False;False;True;False;True;False;False
2501;50950;2024;False;False;False;True;True;False;False;False;False;False;False;True;False;False
5;50980;2024;False;False;False;True;False;False;False;False;False;True;False;True;False;False
12454;51260;2024;False;False;False;True;False;False;False;False;False;False;True;True;False;False
2857;51420;2024;False;False;False;True;True;False;False;False;False;False;False;True;False;False
0;51760;2024;False;False;False;True;False;True;False;False;False;False;False;True;False;False
0;51760;2024;False;False;False;True;False;False;False;False;False;False;True;True;False;False
689;51820;2024;False;False;False;True;False;False;False;False;False;True;False;True;False;False
1523;52480;2024;False;False;False;True;False;False;False;False;True;False;False;True;False;False
4260;52920;2024;False;False;False;True;False;False;False;False;False;False;True;True;False;False
12;52990;2024;False;False;False;True;False;False;False;False;True;False;False;True;False;False
26;53050;2024;False;False;False;True;False;True;False;False;False;False;False;True;False;False
0;53060;2024;False;False;False;True;False;False;False;False;True;False;False;True;False;False
565;54910;2024;False;False;False;True;False;True;False;False;False;False;False;True;False;False
2291;55140;2024;False;False;False;True;False;True;False;False;False;False;False;True;False;False
9;55350;2024;False;False;False;True;False;True;False;False;False;False;False;True;False;False
0;55640;2024;False;False;False;True;False;True;False;False;False;False;False;True;False;False
0;56420;2024;False;False;False;True;False;True;False;False;False;False;False;True;False;False
612;56740;2024;False;False;False;True;True;False;False;False;False;False;False;True;False;False
23;56870;2024;False;False;False;True;False;False;False;False;False;True;False;True;False;False
95;56870;2024;False;False;False;True;False;False;False;False;False;True;False;True;False;False
7;58350;2024;False;False;False;True;False;True;False;False;False;False;False;True;False;False
179;58810;2024;False;False;False;True;False;False;False;False;False;False;True;True;False;False
0;58920;2024;False;False;False;True;False;False;False;False;False;False;True;True;False;False
0;58970;2024;False;False;False;True;False;True;False;False;False;False;False;True;False;False
0;58970;2024;False;False;False;True;True;False;False;False;False;False;False;True;False;False
53;59360;2024;False;False;False;True;False;False;False;False;False;True;False;True;False;False
831;59960;2024;False;False;False;True;False;False;False;False;False;True;False;True;False;False
0;60270;2024;False;False;False;True;True;False;False;False;False;False;False;True;False;False
395;61500;2024;False;False;False;True;False;False;False;False;True;False;False;True;False;False
0;61620;2024;False;False;False;True;False;False;False;False;True;False;False;True;False;False
0;66420;2024;False;False;False;True;False;False;False;False;False;False;True;True;False;False
117457;28900;2018;False;True;False;False;False;False;False;False;False;True;False;True;False;False
115551;31200;2018;False;True;False;False;False;False;False;False;True;False;False;True;False;False
70615;33200;2018;False;True;False;False;False;False;False;False;True;False;False;True;False;False
68303;33900;2018;False;True;False;False;False;False;False;False;True;False;False;True;False;False
13184;77200;2023;False;True;False;False;False;True;False;False;False;False;False;True;False;False
12410;78800;2023;False;True;False;False;False;False;False;False;True;False;False;True;False;False
8276;79900;2023;False;True;False;False;False;False;False;False;True;False;False;True;False;False
6301;81800;2023;False;True;False;False;False;True;False;False;False;False;False;True;False;False
3269;83600;2023;False;True;False;False;False;False;False;False;False;False;True;True;False;False
15046;85700;2023;False;True;False;False;False;True;False;False;False;False;False;True;False;False
60048;28900;2019;True;False;False;False;False;False;False;False;True;False;False;True;False;False
37725;30800;2022;True;False;False;False;False;False;False;False;False;True;False;True;False;False
15291;31600;2022;True;False;False;False;False;False;False;False;True;False;False;True;False;False
73607;32400;2020;True;False;False;False;False;False;False;False;True;False;False;True;False;False
79681;32500;2021;True;False;False;False;False;False;False;False;False;False;True;True;False;False
63771;33000;2021;True;False;False;False;False;False;False;False;False;True;False;True;False;False
76961;33000;2021;True;False;False;False;False;False;False;False;True;False;False;True;False;False
57523;33500;2021;True;False;False;False;False;False;False;False;False;False;True;True;False;False
39315;33500;2023;True;False;False;False;False;True;False;False;False;False;False;True;False;False
42191;34000;2021;True;False;False;False;False;False;False;False;True;False;False;True;False;False
26091;34900;2021;True;False;False;False;False;False;False;False;False;False;True;True;False;False
1817;36000;2024;True;False;False;False;False;True;False;False;False;False;False;True;False;False
676;37000;2024;True;False;False;False;False;True;False;False;False;False;False;True;False;False
728;37000;2024;True;False;False;False;False;True;False;False;False;False;False;True;False;False
30168;37100;2022;True;False;False;False;False;False;False;False;False;False;True;True;False;False
37484;39500;2022;True;False;False;False;True;False;False;False;False;False;False;True;False;False
29447;42300;2023;True;False;False;False;False;True;False;False;False;False;False;True;False;False
18395;43200;2023;True;False;False;False;False;False;False;False;False;False;True;True;False;False
15795;45000;2024;True;False;False;False;False;False;True;False;False;False;False;True;False;False
108045;47900;2018;False;False;True;False;True;False;False;False;False;False;False;True;False;False
11765;82500;2023;False;False;True;False;False;False;False;False;True;False;False;True;False;False
20074;84000;2023;False;False;True;False;False;True;False;False;False;False;False;True;False;False
15048;84600;2023;False;False;True;False;False;True;False;False;False;False;False;True;False;False
21475;85500;2023;False;False;True;False;False;False;False;False;False;True;False;True;False;False
12146;40500;2024;False;False;False;True;False;False;False;False;False;True;False;True;False;False
48582;43800;2023;False;False;False;True;False;False;False;False;True;False;False;True;False;False
10;41470;2025;True;False;False;False;False;True;False;False;False;False;False;True;False;False
29444;42300;2023;True;False;False;False;False;True;False;False;False;False;False;True;False;False
2204;42640;2024;True;False;False;False;False;True;False;False;False;False;False;True;False;False
0;44260;2025;False;False;False;True;False;True;False;False;False;False;False;True;False;False
8;45310;2024;False;False;False;True;False;True;False;False;False;False;False;True;False;False
8686;45370;2024;False;False;False;True;False;True;False;False;False;False;False;True;False;False
8298;45420;2024;False;False;False;True;False;True;False;False;False;False;False;True;False;False
9;45470;2025;True;False;False;False;False;True;False;False;False;False;False;True;False;False
0;46360;2025;False;False;False;True;False;True;False;False;False;False;False;True;False;False
0;46760;2025;False;False;False;True;False;True;False;False;False;False;False;True;False;False
4462;47490;2024;False;False;False;True;False;True;False;False;False;False;False;True;False;False
7086;48060;2023;False;False;False;True;False;True;False;False;False;False;False;True;False;False
2516;48070;2024;False;False;False;True;False;True;False;False;False;False;False;True;False;False
2036;49040;2023;False;False;False;True;False;True;False;False;False;False;False;True;False;False
21;49070;2024;True;False;False;False;False;True;False;False;False;False;False;True;False;False
907;49460;2024;False;False;False;True;False;True;False;False;False;False;False;True;False;False
400;49840;2024;False;False;False;True;False;True;False;False;False;False;False;True;False;False
0;51760;2023;False;False;False;True;False;True;False;False;False;False;False;True;False;False
10;56420;2025;False;False;False;True;False;True;False;False;False;False;False;True;False;False
0;58970;2025;False;False;False;True;False;True;False;False;False;False;False;True;False;False
13178;77200;2023;False;True;False;False;False;True;False;False;False;False;False;True;False;False
6300;81800;2023;False;True;False;False;False;True;False;False;False;False;False;True;False;False
20073;84000;2023;False;False;True;False;False;True;False;False;False;False;False;True;False;False
15035;84600;2023;False;False;True;False;False;True;False;False;False;False;False;True;False;False
15040;85700;2023;False;True;False;False;False;True;False;False;False;False;False;True;False;False
3649;95860;2024;False;False;True;False;False;True;False;False;False;False;False;True;False;False
503;99600;2023;False;True;False;False;False;True;False;False;False;False;False;True;False;False
979;100940;2024;False;False;True;False;False;True;False;False;False;False;False;True;False;False
0;102270;2023;False;True;False;False;False;True;False;False;False;False;False;True;False;False
98;102270;2023;False;True;False;False;False;True;False;False;False;False;False;True;False;False
1405;102640;2023;False;False;True;False;False;True;False;False;False;False;False;True;False;False
31;104370;2023;False;False;True;False;False;True;False;False;False;False;False;True;False;False
3295;106910;2023;False;False;True;False;False;True;False;False;False;False;False;True;False;False
0;110270;2023;False;False;True;False;False;True;False;False;False;False;False;True;False;False
0;115670;2023;False;False;True;False;False;True;False;False;False;False;False;True;False;False
0;118070;2023;False;False;True;False;False;True;False;False;False;False;False;True;False;False
92;118070;2023;False;False;True;False;False;True;False;False;False;False;False;True;False;False
0;37770;2025;True;False;False;False;True;False;False;False;False;False;False;True;False;False
0;45560;2025;False;False;False;True;True;False;False;False;False;False;False;True;False;False
25;45770;2024;True;False;False;False;True;False;False;False;False;False;False;True;False;False
5128;45890;2024;False;False;False;True;True;False;False;False;False;False;False;True;False;False
15;46530;2024;True;False;False;False;True;False;False;False;False;False;False;True;False;False
10;46770;2024;True;False;False;False;True;False;False;False;False;False;False;True;False;False
4;47660;2025;False;False;False;True;True;False;False;False;False;False;False;True;False;False
108044;47900;2018;False;False;True;False;True;False;False;False;False;False;False;True;False;False
4;48060;2025;False;False;False;True;True;False;False;False;False;False;False;True;False;False
0;49410;2025;False;False;False;True;True;False;False;False;False;False;False;True;False;False
9;58970;2024;False;False;False;True;True;False;False;False;False;False;False;True;False;False
10;59770;2025;True;False;False;False;True;False;False;False;False;False;False;True;False;False
7;60270;2024;False;False;False;True;True;False;False;False;False;False;False;True;False;False
6196;88890;2023;False;True;False;False;True;False;False;False;False;False;False;True;False;False
942;90270;2024;False;True;False;False;True;False;False;False;False;False;False;True;False;False
15290;31600;2022;True;False;False;False;False;False;False;False;True;False;False;True;False;False
76956;33000;2021;True;False;False;False;False;False;False;False;True;False;False;True;False;False
70614;33200;2018;False;True;False;False;False;False;False;False;True;False;False;True;False;False
68302;33900;2018;False;True;False;False;False;False;False;False;True;False;False;True;False;False
42189;34000;2021;True;False;False;False;False;False;False;False;True;False;False;True;False;False
0;42770;2025;True;False;False;False;False;False;False;False;True;False;False;True;False;False
15;43750;2024;True;False;False;False;False;False;False;False;True;False;False;True;False;False
9;44370;2025;True;False;False;False;False;False;False;False;True;False;False;True;False;False
5624;44770;2024;False;False;False;True;False;False;False;False;True;False;False;True;False;False
223;45220;2024;True;False;False;False;False;False;False;False;True;False;False;True;False;False
9;47140;2024;False;False;False;True;False;False;False;False;True;False;False;True;False;False
0;48060;2025;False;False;False;True;False;False;False;False;True;False;False;True;False;False
2;49110;2025;False;False;False;True;False;False;False;False;True;False;False;True;False;False
1520;52480;2024;False;False;False;True;False;False;False;False;True;False;False;True;False;False
2;53060;2025;False;False;False;True;False;False;False;False;True;False;False;True;False;False
6;61620;2024;False;False;False;True;False;False;False;False;True;False;False;True;False;False
4022;100570;2024;False;False;True;False;False;False;False;False;True;False;False;True;False;False
5310;102220;2024;False;False;True;False;False;False;False;False;True;False;False;True;False;False
1700;102320;2023;False;True;False;False;False;False;False;False;True;False;False;True;False;False
0;116170;2023;False;False;True;False;False;False;False;False;True;False;False;True;False;False
0;119670;2023;False;False;True;False;False;False;False;False;True;False;False;True;False;False
63769;33000;2021;True;False;False;False;False;False;False;False;False;True;False;True;False;False
21472;85500;2023;False;False;True;False;False;False;False;False;False;True;False;True;False;False
0;118070;2023;False;False;True;False;False;False;False;False;False;True;False;True;False;False
57522;34100;2021;True;False;False;False;False;False;False;False;False;False;True;True;False;False
26089;34900;2021;True;False;False;False;False;False;False;False;False;False;True;True;False;False
18379;43200;2023;True;False;False;False;False;False;False;False;False;False;True;True;False;False
0;38470;2025;True;False;False;False;False;False;False;False;False;False;True;True;False;False
3818;38300;2024;True;False;False;False;False;False;True;False;False;False;False;True;False;False
10;46770;2025;True;False;False;False;False;False;True;False;False;False;False;True;False;False
13;48120;2024;True;False;False;False;False;False;True;False;False;False;False;True;False;False
15;48370;2025;True;False;False;False;False;False;True;False;False;False;False;True;False;False
33;49420;2024;True;False;False;False;False;False;True;False;False;False;False;True;False;False
28;91790;2024;False;True;False;False;False;False;True;False;False;False;False;True;False;False
33;113820;2024;False;False;True;False;False;False;True;False;False;False;False;True;False;False
40421;35900;2021;True;False;False;False;False;True;False;False;False;False;False;False;False;True
0;41475;2025;False;False;False;True;False;True;False;False;False;False;False;False;False;True
5;42555;2025;False;False;False;True;False;True;False;False;False;False;False;False;False;True
35338;42600;2022;False;False;False;True;False;True;False;False;False;False;False;False;False;True
3749;42605;2024;False;False;False;True;False;True;False;False;False;False;False;False;False;True
54383;42700;2022;False;False;False;True;False;True;False;False;False;False;False;False;False;True
31967;43800;2022;False;False;False;True;False;True;False;False;False;False;False;False;False;True
32157;43800;2022;False;False;False;True;False;True;False;False;False;False;False;False;False;True
28496;45600;2022;False;False;False;True;False;True;False;False;False;False;False;False;False;True
28755;45600;2022;False;False;False;True;False;True;False;False;False;False;False;False;False;True
10;45975;2025;True;False;False;False;False;True;False;False;False;False;False;False;False;True
4;46495;2025;False;False;False;True;False;True;False;False;False;False;False;False;False;True
16541;46500;2024;True;False;False;False;False;True;False;False;False;False;False;False;False;True
218;48205;2025;True;False;False;False;False;True;False;False;False;False;False;False;False;True
5268;48885;2023;False;False;False;True;False;True;False;False;False;False;False;False;False;True
4;49975;2025;False;False;False;True;False;True;False;False;False;False;False;False;False;True
0;49975;2024;True;False;False;False;False;True;False;False;False;False;False;False;False;True
6444;50825;2024;False;False;False;True;False;True;False;False;False;False;False;False;False;True
2;51325;2025;False;False;False;True;False;True;False;False;False;False;False;False;False;True
5;51515;2025;False;False;False;True;False;True;False;False;False;False;False;False;False;True
4;51655;2025;False;False;False;True;False;True;False;False;False;False;False;False;False;True
0;51655;2024;False;False;False;True;False;True;False;False;False;False;False;False;False;True
12;51655;2024;False;False;False;True;False;True;False;False;False;False;False;False;False;True
13;53775;2024;True;False;False;False;False;True;False;False;False;False;False;False;False;True
4;55455;2025;False;False;False;True;False;True;False;False;False;False;False;False;False;True
12;56155;2024;True;False;False;False;False;True;False;False;False;False;False;False;False;True
12;58475;2024;True;False;False;False;False;True;False;False;False;False;False;False;False;True
0;59675;2025;True;False;False;False;False;True;False;False;False;False;False;False;False;True
12;62275;2024;True;False;False;False;False;True;False;False;False;False;False;False;False;True
7046;95025;2024;False;True;False;False;False;True;False;False;False;False;False;False;False;True
1278;98665;2023;False;True;False;False;False;True;False;False;False;False;False;False;False;True
17;115925;2024;False;True;False;False;False;True;False;False;False;False;False;False;False;True
9;42645;2024;False;False;False;True;True;False;False;False;False;False;False;False;False;True
0;44715;2024;False;False;False;True;True;False;False;False;False;False;False;False;False;True
0;45795;2024;False;False;False;True;True;False;False;False;False;False;False;False;False;True
7458;49325;2024;True;False;False;False;True;False;False;False;False;False;False;False;False;True
5887;49995;2023;False;False;False;True;True;False;False;False;False;False;False;False;False;True
4;51275;2025;False;False;False;True;True;False;False;False;False;False;False;False;False;True
0;52625;2025;False;False;False;True;True;False;False;False;False;False;False;False;False;True
3709;52635;2024;False;False;False;True;True;False;False;False;False;False;False;False;False;True
5;52755;2025;False;False;False;True;True;False;False;False;False;False;False;False;False;True
0;53795;2024;False;False;False;True;True;False;False;False;False;False;False;False;False;True
4;54035;2024;False;False;False;True;True;False;False;False;False;False;False;False;False;True
4034;54985;2024;False;False;False;True;True;False;False;False;False;False;False;False;False;True
0;56215;2024;False;False;False;True;True;False;False;False;False;False;False;False;False;True
0;56245;2024;True;False;False;False;True;False;False;False;False;False;False;False;False;True
12;57315;2024;False;False;False;True;True;False;False;False;False;False;False;False;False;True
6;57345;2025;False;False;False;True;True;False;False;False;False;False;False;False;False;True
0;57375;2024;True;False;False;False;True;False;False;False;False;False;False;False;False;True
7;58455;2024;False;False;False;True;True;False;False;False;False;False;False;False;False;True
9;59735;2024;False;False;False;True;True;False;False;False;False;False;False;False;False;True
12;61175;2024;True;False;False;False;True;False;False;False;False;False;False;False;False;True
31;106445;2024;False;False;True;False;True;False;False;False;False;False;False;False;False;True
14816;106845;2023;False;False;True;False;True;False;False;False;False;False;False;False;False;True
116;115825;2023;False;False;True;False;True;False;False;False;False;False;False;False;False;True
139637;26500;2019;True;False;False;False;False;False;False;False;True;False;False;False;False;True
81783;32900;2020;True;False;False;False;False;False;False;False;True;False;False;False;False;True
5398;41955;2024;True;False;False;False;False;False;False;False;True;False;False;False;False;True
34918;42200;2022;False;False;False;True;False;False;False;False;True;False;False;False;False;True
0;43475;2025;True;False;False;False;False;False;False;False;True;False;False;False;False;True
0;43975;2025;True;False;False;False;False;False;False;False;True;False;False;False;False;True
0;43975;2024;True;False;False;False;False;False;False;False;True;False;False;False;False;True
31021;44500;2022;False;False;False;True;False;False;False;False;True;False;False;False;False;True
5;44715;2025;False;False;False;True;False;False;False;False;True;False;False;False;False;True
0;44715;2024;False;False;False;True;False;False;False;False;True;False;False;False;False;True
27705;45100;2022;True;False;False;False;False;False;False;False;True;False;False;False;False;True
7;45935;2024;False;False;False;True;False;False;False;False;True;False;False;False;False;True
0;47275;2025;True;False;False;False;False;False;False;False;True;False;False;False;False;True
46832;47300;2022;False;False;False;True;False;False;False;False;True;False;False;False;False;True
37987;48000;2022;False;False;False;True;False;False;False;False;True;False;False;False;False;True
0;48975;2025;True;False;False;False;False;False;False;False;True;False;False;False;False;True
9383;50215;2024;True;False;False;False;False;False;False;False;True;False;False;False;False;True
4;51275;2025;False;False;False;True;False;False;False;False;True;False;False;False;False;True
2545;51405;2024;False;False;False;True;False;False;False;False;True;False;False;False;False;True
2;52475;2025;False;False;False;True;False;False;False;False;True;False;False;False;False;True
5;53575;2024;False;False;False;True;False;False;False;False;True;False;False;False;False;True
13;57375;2024;True;False;False;False;False;False;False;False;True;False;False;False;False;True
4;58735;2025;False;False;False;True;False;False;False;False;True;False;False;False;False;True
0;59775;2024;True;False;False;False;False;False;False;False;True;False;False;False;False;True
4;61475;2025;False;False;False;True;False;False;False;False;True;False;False;False;False;True
0;103525;2023;False;True;False;False;False;False;False;False;True;False;False;False;False;True
34;108075;2023;False;False;True;False;False;False;False;False;True;False;False;False;False;True
25;122025;2023;False;False;True;False;False;False;False;False;True;False;False;False;False;True
36306;42300;2022;False;False;False;True;False;False;False;False;False;True;False;False;False;True
14886;43900;2023;True;False;False;False;False;False;False;False;False;True;False;False;False;True
19834;46600;2022;True;False;False;False;False;False;False;False;False;True;False;False;False;True
64984;58000;2019;False;False;True;False;False;False;False;False;False;True;False;False;False;True
10;44675;2025;True;False;False;False;False;False;False;False;False;False;True;False;False;True
12;52715;2024;True;False;False;False;False;False;False;False;False;False;True;False;False;True
0;58035;2024;True;False;False;False;False;False;False;False;False;False;True;False;False;True
0;60475;2024;True;False;False;False;False;False;False;False;False;False;True;False;False;True
23;96075;2024;False;True;False;False;False;False;False;False;False;False;True;False;False;True
3393;115745;2024;False;True;False;False;False;False;False;False;False;False;True;False;False;True
26;116205;2024;False;False;True;False;False;False;False;False;False;False;True;False;False;True
31;126525;2024;False;False;True;False;False;False;False;False;False;False;True;False;False;True
0;43475;2025;True;False;False;False;False;False;True;False;False;False;False;False;False;True
0;51275;2024;True;False;False;False;False;False;True;False;False;False;False;False;False;True
94337;28200;2020;True;False;False;False;False;True;False;False;False;False;False;False;True;False
68845;28900;2020;True;False;False;False;False;True;False;False;False;False;False;False;True;False
112637;30600;2021;True;False;False;False;False;True;False;False;False;False;False;False;True;False
53808;30800;2020;True;False;False;False;False;True;False;False;False;False;False;False;True;False
52917;30700;2020;True;False;False;False;False;True;False;False;False;False;False;False;True;False
57691;31000;2021;True;False;False;False;False;True;False;False;False;False;False;False;True;False
63570;31000;2019;True;False;False;False;False;True;False;False;False;False;False;False;True;False
49251;31100;2020;True;False;False;False;False;True;False;False;False;False;False;False;True;False
46308;31200;2021;True;False;False;False;False;True;False;False;False;False;False;False;True;False
79887;31300;2021;True;False;False;False;False;True;False;False;False;False;False;False;True;False
61733;31800;2020;True;False;False;False;False;True;False;False;False;False;False;False;True;False
76126;32000;2021;True;False;False;False;False;True;False;False;False;False;False;False;True;False
55927;31800;2020;True;False;False;False;False;True;False;False;False;False;False;False;True;False
44365;32200;2020;True;False;False;False;False;True;False;False;False;False;False;False;True;False
65224;33300;2020;True;False;False;False;False;True;False;False;False;False;False;False;True;False
37680;32800;2021;True;False;False;False;False;True;False;False;False;False;False;False;True;False
24781;33900;2021;True;False;False;False;False;True;False;False;False;False;False;False;True;False
40623;34700;2020;True;False;False;False;False;True;False;False;False;False;False;False;True;False
31909;39400;2021;True;False;False;False;False;True;False;False;False;False;False;False;True;False
10;39990;2025;True;False;False;False;False;True;False;False;False;False;False;False;True;False
5;40990;2025;False;False;False;True;False;True;False;False;False;False;False;False;True;False
226;40990;2025;False;False;False;True;False;True;False;False;False;False;False;False;True;False
9;40990;2024;False;False;False;True;False;True;False;False;False;False;False;False;True;False
0;41180;2025;True;False;False;False;False;True;False;False;False;False;False;False;True;False
0;41180;2024;True;False;False;False;False;True;False;False;False;False;False;False;True;False
0;41340;2025;True;False;False;False;False;True;False;False;False;False;False;False;True;False
5;42180;2025;False;False;False;True;False;True;False;False;False;False;False;False;True;False
0;42530;2025;True;False;False;False;False;True;False;False;False;False;False;False;True;False
0;42530;2024;True;False;False;False;False;True;False;False;False;False;False;False;True;False
10;43090;2024;False;False;False;True;False;True;False;False;False;False;False;False;True;False
96688;43400;2019;False;True;False;False;False;True;False;False;False;False;False;False;True;False
7;44280;2024;False;False;False;True;False;True;False;False;False;False;False;False;True;False
10;44990;2025;True;False;False;False;False;True;False;False;False;False;False;False;True;False
13;45140;2025;True;False;False;False;False;True;False;False;False;False;False;False;True;False
9561;45380;2024;True;False;False;False;False;True;False;False;False;False;False;False;True;False
20423;46800;2022;False;False;False;True;False;True;False;False;False;False;False;False;True;False
0;46990;2025;False;False;False;True;False;True;False;False;False;False;False;False;True;False
6399;47240;2024;True;False;False;False;False;True;False;False;False;False;False;False;True;False
5741;47490;2024;True;False;False;False;False;True;False;False;False;False;False;False;True;False
2337;47540;2024;True;False;False;False;False;True;False;False;False;False;False;False;True;False
5;47800;2025;False;False;False;True;False;True;False;False;False;False;False;False;True;False
0;47990;2025;False;False;False;True;False;True;False;False;False;False;False;False;True;False
5;47990;2024;False;False;False;True;False;True;False;False;False;False;False;False;True;False
15;48620;2024;True;False;False;False;False;True;False;False;False;False;False;False;True;False
0;49180;2025;False;False;False;True;False;True;False;False;False;False;False;False;True;False
0;49180;2024;False;False;False;True;False;True;False;False;False;False;False;False;True;False
6;49180;2024;False;False;False;True;False;True;False;False;False;False;False;False;True;False
0;49340;2025;False;False;False;True;False;True;False;False;False;False;False;False;True;False
4;49340;2024;False;False;False;True;False;True;False;False;False;False;False;False;True;False
5;49530;2025;False;False;False;True;False;True;False;False;False;False;False;False;True;False
0;49770;2025;False;False;False;True;False;True;False;False;False;False;False;False;True;False
0;49990;2025;True;False;False;False;False;True;False;False;False;False;False;False;True;False
0;49990;2024;True;False;False;False;False;True;False;False;False;False;False;False;True;False
0;50090;2025;False;False;False;True;False;True;False;False;False;False;False;False;True;False
0;50790;2024;False;False;False;True;False;True;False;False;False;False;False;False;True;False
9;51110;2025;False;False;False;True;False;True;False;False;False;False;False;False;True;False
0;51180;2025;True;False;False;False;False;True;False;False;False;False;False;False;True;False
0;51180;2024;True;False;False;False;False;True;False;False;False;False;False;False;True;False
0;51280;2025;False;False;False;True;False;True;False;False;False;False;False;False;True;False
0;51340;2024;True;False;False;False;False;True;False;False;False;False;False;False;True;False
0;51440;2025;False;False;False;True;False;True;False;False;False;False;False;False;True;False
0;51850;2025;False;False;False;True;False;True;False;False;False;False;False;False;True;False
15;52080;2024;True;False;False;False;False;True;False;False;False;False;False;False;True;False
0;52370;2024;True;False;False;False;False;True;False;False;False;False;False;False;True;False
0;52530;2024;True;False;False;False;False;True;False;False;False;False;False;False;True;False
7;52630;2024;False;False;False;True;False;True;False;False;False;False;False;False;True;False
15;52850;2024;False;False;False;True;False;True;False;False;False;False;False;False;True;False
0;53790;2024;True;False;False;False;False;True;False;False;False;False;False;False;True;False
0;53990;2025;False;False;False;True;False;True;False;False;False;False;False;False;True;False
53949;54000;2020;False;False;True;False;False;True;False;False;False;False;False;False;True;False
91785;54100;2020;False;False;True;False;False;True;False;False;False;False;False;False;True;False
9;55160;2024;True;False;False;False;False;True;False;False;False;False;False;False;True;False
4;55180;2025;False;False;False;True;False;True;False;False;False;False;False;False;True;False
0;55180;2024;False;False;False;True;False;True;False;False;False;False;False;False;True;False
0;55340;2024;False;False;False;True;False;True;False;False;False;False;False;False;True;False
0;57490;2024;True;False;False;False;False;True;False;False;False;False;False;False;True;False
0;57790;2025;False;False;False;True;False;True;False;False;False;False;False;False;True;False
0;58680;2024;True;False;False;False;False;True;False;False;False;False;False;False;True;False
2;59140;2025;False;False;False;True;False;True;False;False;False;False;False;False;True;False
3414;83980;2023;False;True;False;False;False;True;False;False;False;False;False;False;True;False
723;90200;2024;False;True;False;False;False;True;False;False;False;False;False;False;True;False
21;103390;2024;False;False;True;False;False;True;False;False;False;False;False;False;True;False
25;115290;2024;False;True;False;False;False;True;False;False;False;False;False;False;True;False
0;117090;2023;False;False;True;False;False;True;False;False;False;False;False;False;True;False
0;120890;2024;False;False;True;False;False;True;False;False;False;False;False;False;True;False
56115;30000;2020;True;False;False;False;True;False;False;False;False;False;False;False;True;False
50581;30900;2021;True;False;False;False;True;False;False;False;False;False;False;False;True;False
22191;31700;2020;True;False;False;False;True;False;False;False;False;False;False;False;True;False
78898;32600;2020;True;False;False;False;True;False;False;False;False;False;False;False;True;False
90951;34100;2021;True;False;False;False;True;False;False;False;False;False;False;False;True;False
43763;38000;2021;True;False;False;False;True;False;False;False;False;False;False;False;True;False
13;40080;2024;True;False;False;False;True;False;False;False;False;False;False;False;True;False
1848;40520;2024;True;False;False;False;True;False;False;False;False;False;False;False;True;False
807;40640;2024;True;False;False;False;True;False;False;False;False;False;False;False;True;False
0;41140;2024;True;False;False;False;True;False;False;False;False;False;False;False;True;False
21;41170;2024;True;False;False;False;True;False;False;False;False;False;False;False;True;False
0;41290;2025;True;False;False;False;True;False;False;False;False;False;False;False;True;False
15;41440;2024;True;False;False;False;True;False;False;False;False;False;False;False;True;False
29;41440;2024;True;False;False;False;True;False;False;False;False;False;False;False;True;False
2629;41440;2024;True;False;False;False;True;False;False;False;False;False;False;False;True;False
0;42480;2024;True;False;False;False;True;False;False;False;False;False;False;False;True;False
0;42640;2025;True;False;False;False;True;False;False;False;False;False;False;False;True;False
0;42640;2024;True;False;False;False;True;False;False;False;False;False;False;False;True;False
5;43480;2025;False;False;False;True;True;False;False;False;False;False;False;False;True;False
114328;44200;2019;False;False;True;False;True;False;False;False;False;False;False;False;True;False
0;49290;2025;False;False;False;True;True;False;False;False;False;False;False;False;True;False
0;49330;2024;True;False;False;False;True;False;False;False;False;False;False;False;True;False
1412;50170;2024;True;False;False;False;True;False;False;False;False;False;False;False;True;False
4;50390;2025;False;False;False;True;True;False;False;False;False;False;False;False;True;False
15;50600;2024;True;False;False;False;True;False;False;False;False;False;False;False;True;False
4;50640;2025;False;False;False;True;True;False;False;False;False;False;False;False;True;False
0;51290;2025;True;False;False;False;True;False;False;False;False;False;False;False;True;False
0;51290;2024;True;False;False;False;True;False;False;False;False;False;False;False;True;False
4;51390;2025;False;False;False;True;True;False;False;False;False;False;False;False;True;False
7;51390;2024;False;False;False;True;True;False;False;False;False;False;False;False;True;False
96181;51500;2020;False;True;False;False;True;False;False;False;False;False;False;False;True;False
5;52390;2025;False;False;False;True;True;False;False;False;False;False;False;False;True;False
0;52480;2024;True;False;False;False;True;False;False;False;False;False;False;False;True;False
0;52640;2024;True;False;False;False;True;False;False;False;False;False;False;False;True;False
4;53090;2025;False;False;False;True;True;False;False;False;False;False;False;False;True;False
58870;53550;2020;False;True;False;False;True;False;False;False;False;False;False;False;True;False
5;55290;2025;False;False;False;True;True;False;False;False;False;False;False;False;True;False
4;56640;2025;False;False;False;True;True;False;False;False;False;False;False;False;True;False
0;57830;2025;False;False;False;True;True;False;False;False;False;False;False;False;True;False
12;58790;2025;True;False;False;False;True;False;False;False;False;False;False;False;True;False
19;62590;2024;True;False;False;False;True;False;False;False;False;False;False;False;True;False
1064;89220;2024;False;True;False;False;True;False;False;False;False;False;False;False;True;False
50;96400;2023;False;True;False;False;True;False;False;False;False;False;False;False;True;False
401;113040;2024;False;False;True;False;True;False;False;False;False;False;False;False;True;False
60;118690;2023;False;False;True;False;True;False;False;False;False;False;False;False;True;False
31;124890;2023;False;False;True;False;True;False;False;False;False;False;False;False;True;False
55066;31200;2019;True;False;False;False;False;False;False;False;True;False;False;False;True;False
63684;33400;2020;True;False;False;False;False;False;False;False;True;False;False;False;True;False
51506;33700;2019;True;False;False;False;False;False;False;False;True;False;False;False;True;False
36843;35300;2023;True;False;False;False;False;False;False;False;True;False;False;False;True;False
28589;36500;2023;True;False;False;False;False;False;False;False;True;False;False;False;True;False
84325;38000;2018;False;True;False;False;False;False;False;False;True;False;False;False;True;False
15;41140;2024;True;False;False;False;False;False;False;False;True;False;False;False;True;False
0;41290;2025;True;False;False;False;False;False;False;False;True;False;False;False;True;False
12;41290;2024;True;False;False;False;False;False;False;False;True;False;False;False;True;False
102621;41400;2019;False;True;False;False;False;False;False;False;True;False;False;False;True;False
12;42080;2024;True;False;False;False;False;False;False;False;True;False;False;False;True;False
0;42480;2025;True;False;False;False;False;False;False;False;True;False;False;False;True;False
0;42480;2024;True;False;False;False;False;False;False;False;True;False;False;False;True;False
0;42640;2025;True;False;False;False;False;False;False;False;True;False;False;False;True;False
0;42640;2024;True;False;False;False;False;False;False;False;True;False;False;False;True;False
10;42640;2024;True;False;False;False;False;False;False;False;True;False;False;False;True;False
12;42640;2024;True;False;False;False;False;False;False;False;True;False;False;False;True;False
4;44390;2025;False;False;False;True;False;False;False;False;True;False;False;False;True;False
9;44390;2024;False;False;False;True;False;False;False;False;True;False;False;False;True;False
99838;44500;2019;False;True;False;False;False;False;False;False;True;False;False;False;True;False
0;46290;2025;True;False;False;False;False;False;False;False;True;False;False;False;True;False
9;47480;2025;True;False;False;False;False;False;False;False;True;False;False;False;True;False
12;47480;2025;True;False;False;False;False;False;False;False;True;False;False;False;True;False
0;47830;2024;False;False;False;True;False;False;False;False;True;False;False;False;True;False
6166;48500;2024;True;False;False;False;False;False;False;False;True;False;False;False;True;False
14953;48800;2022;False;False;False;True;False;False;False;False;True;False;False;False;True;False
0;49290;2025;False;False;False;True;False;False;False;False;True;False;False;False;True;False
0;49290;2024;False;False;False;True;False;False;False;False;True;False;False;False;True;False
145;49290;2024;False;False;False;True;False;False;False;False;True;False;False;False;True;False
2;50480;2025;False;False;False;True;False;False;False;False;True;False;False;False;True;False
12;50600;2024;True;False;False;False;False;False;False;False;True;False;False;False;True;False
0;50640;2025;False;False;False;True;False;False;False;False;True;False;False;False;True;False
0;51290;2025;True;False;False;False;False;False;False;False;True;False;False;False;True;False
10;51290;2025;True;False;False;False;False;False;False;False;True;False;False;False;True;False
0;51290;2024;True;False;False;False;False;False;False;False;True;False;False;False;True;False
0;51390;2025;False;False;False;True;False;False;False;False;True;False;False;False;True;False
5;51390;2024;False;False;False;True;False;False;False;False;True;False;False;False;True;False
95034;51800;2019;False;False;True;False;False;False;False;False;True;False;False;False;True;False
2;51830;2025;False;False;False;True;False;False;False;False;True;False;False;False;True;False
0;52480;2024;True;False;False;False;False;False;False;False;True;False;False;False;True;False
7;52580;2024;False;False;False;True;False;False;False;False;True;False;False;False;True;False
4;53090;2025;False;False;False;True;False;False;False;False;True;False;False;False;True;False
4;53090;2024;False;False;False;True;False;False;False;False;True;False;False;False;True;False
4;53890;2025;False;False;False;True;False;False;False;False;True;False;False;False;True;False
5;54280;2025;False;False;False;True;False;False;False;False;True;False;False;False;True;False
4;54440;2025;False;False;False;True;False;False;False;False;True;False;False;False;True;False
59026;55000;2019;False;False;True;False;False;False;False;False;True;False;False;False;True;False
0;55290;2025;False;False;False;True;False;False;False;False;True;False;False;False;True;False
4;55290;2024;False;False;False;True;False;False;False;False;True;False;False;False;True;False
5;56480;2024;False;False;False;True;False;False;False;False;True;False;False;False;True;False
0;56640;2025;False;False;False;True;False;False;False;False;True;False;False;False;True;False
0;56640;2024;False;False;False;True;False;False;False;False;True;False;False;False;True;False
0;58790;2024;True;False;False;False;False;False;False;False;True;False;False;False;True;False
0;59980;2024;True;False;False;False;False;False;False;False;True;False;False;False;True;False
7;60280;2024;False;False;False;True;False;False;False;False;True;False;False;False;True;False
10;62590;2024;True;False;False;False;False;False;False;False;True;False;False;False;True;False
5165;87220;2024;False;True;False;False;False;False;False;False;True;False;False;False;True;False
27477;88500;2023;False;True;False;False;False;False;False;False;True;False;False;False;True;False
31;92140;2024;False;True;False;False;False;False;False;False;True;False;False;False;True;False
1011;102280;2023;False;True;False;False;False;False;False;False;True;False;False;False;True;False
18;102780;2024;False;False;True;False;False;False;False;False;True;False;False;False;True;False
49;108190;2024;False;False;True;False;False;False;False;False;True;False;False;False;True;False
20;109390;2024;False;False;True;False;False;False;False;False;True;False;False;False;True;False
541;109940;2024;False;True;False;False;False;False;False;False;True;False;False;False;True;False
20;115290;2024;False;False;True;False;False;False;False;False;True;False;False;False;True;False
17;115490;2024;False;True;False;False;False;False;False;False;True;False;False;False;True;False
23;118690;2023;False;False;True;False;False;False;False;False;True;False;False;False;True;False
20;119290;2024;False;False;True;False;False;False;False;False;True;False;False;False;True;False
54847;27300;2020;True;False;False;False;False;False;False;False;False;True;False;False;True;False
127132;28600;2018;False;True;False;False;False;False;False;False;False;True;False;False;True;False
65352;29200;2019;True;False;False;False;False;False;False;False;False;True;False;False;True;False
40244;29500;2021;True;False;False;False;False;False;False;False;False;True;False;False;True;False
46586;31300;2020;True;False;False;False;False;False;False;False;False;True;False;False;True;False
45587;32600;2019;True;False;False;False;False;False;False;False;False;True;False;False;True;False
88254;33500;2021;True;False;False;False;False;False;False;False;False;True;False;False;True;False
30295;39200;2020;True;False;False;False;False;False;False;False;False;True;False;False;True;False
91833;43200;2018;False;False;True;False;False;False;False;False;False;True;False;False;True;False
12996;45900;2023;True;False;False;False;False;False;False;False;False;True;False;False;True;False
56744;45900;2019;False;True;False;False;False;False;False;False;False;True;False;False;True;False
28590;46000;2023;True;False;False;False;False;False;False;False;False;True;False;False;True;False
130467;47000;2020;False;False;True;False;False;False;False;False;False;True;False;False;True;False
75286;48500;2019;False;False;True;False;False;False;False;False;False;True;False;False;True;False
98188;49000;2019;False;False;True;False;False;False;False;False;False;True;False;False;True;False
52351;49900;2018;False;False;True;False;False;False;False;False;False;True;False;False;True;False
84586;51400;2019;False;False;True;False;False;False;False;False;False;True;False;False;True;False
64177;53800;2019;False;False;True;False;False;False;False;False;False;True;False;False;True;False
124770;55500;2020;False;False;True;False;False;False;False;False;False;True;False;False;True;False
55363;56000;2019;False;False;True;False;False;False;False;False;False;True;False;False;True;False
12384;91000;2023;False;False;True;False;False;False;False;False;False;True;False;False;True;False
86;109290;2023;False;False;True;False;False;False;False;False;False;True;False;False;True;False
136796;29000;2021;True;False;False;False;False;False;False;False;False;False;True;False;True;False
68266;29900;2022;True;False;False;False;False;False;False;False;False;False;True;False;True;False
91051;30200;2021;True;False;False;False;False;False;False;False;False;False;True;False;True;False
64707;33700;2021;True;False;False;False;False;False;False;False;False;False;True;False;True;False
38031;34100;2020;True;False;False;False;False;False;False;False;False;False;True;False;True;False
40947;34600;2023;True;False;False;False;False;False;False;False;False;False;True;False;True;False
42177;36900;2021;True;False;False;False;False;False;False;False;False;False;True;False;True;False
10713;44500;2023;False;False;False;True;False;False;False;False;False;False;True;False;True;False
90274;44700;2019;False;True;False;False;False;False;False;False;False;False;True;False;True;False
3906;38780;2024;True;False;False;False;False;False;False;False;False;False;True;False;True;False
0;41830;2024;True;False;False;False;False;False;False;False;False;False;True;False;True;False
52;41850;2024;True;False;False;False;False;False;False;False;False;False;True;False;True;False
10;41900;2024;True;False;False;False;False;False;False;False;False;False;True;False;True;False
0;41990;2025;True;False;False;False;False;False;False;False;False;False;True;False;True;False
0;41990;2024;True;False;False;False;False;False;False;False;False;False;True;False;True;False
15;42010;2024;True;False;False;False;False;False;False;False;False;False;True;False;True;False
23;43010;2024;True;False;False;False;False;False;False;False;False;False;True;False;True;False
12;43120;2024;True;False;False;False;False;False;False;False;False;False;True;False;True;False
10;43180;2025;True;False;False;False;False;False;False;False;False;False;True;False;True;False
0;43180;2024;True;False;False;False;False;False;False;False;False;False;True;False;True;False
13;43280;2024;True;False;False;False;False;False;False;False;False;False;True;False;True;False
0;43340;2025;True;False;False;False;False;False;False;False;False;False;True;False;True;False
0;43340;2024;True;False;False;False;False;False;False;False;False;False;True;False;True;False
12;45790;2024;True;False;False;False;False;False;False;False;False;False;True;False;True;False
21;45790;2024;True;False;False;False;False;False;False;False;False;False;True;False;True;False
13;50430;2024;True;False;False;False;False;False;False;False;False;False;True;False;True;False
70;51540;2024;True;False;False;False;False;False;False;False;False;False;True;False;True;False
10;51580;2024;True;False;False;False;False;False;False;False;False;False;True;False;True;False
0;51990;2024;True;False;False;False;False;False;False;False;False;False;True;False;True;False
15;52580;2024;True;False;False;False;False;False;False;False;False;False;True;False;True;False
15;52700;2024;True;False;False;False;False;False;False;False;False;False;True;False;True;False
12;53000;2024;True;False;False;False;False;False;False;False;False;False;True;False;True;False
0;53180;2024;True;False;False;False;False;False;False;False;False;False;True;False;True;False
15;53880;2024;True;False;False;False;False;False;False;False;False;False;True;False;True;False
12;55720;2024;True;False;False;False;False;False;False;False;False;False;True;False;True;False
24;59490;2024;True;False;False;False;False;False;False;False;False;False;True;False;True;False
13;60070;2024;True;False;False;False;False;False;False;False;False;False;True;False;True;False
11;64480;2024;True;False;False;False;False;False;False;False;False;False;True;False;True;False
5313;101140;2024;False;True;False;False;False;False;False;False;False;False;True;False;True;False
21;102300;2024;False;True;False;False;False;False;False;False;False;False;True;False;True;False
26;109200;2024;False;False;True;False;False;False;False;False;False;False;True;False;True;False
197;113290;2024;False;False;True;False;False;False;False;False;False;False;True;False;True;False
0;42640;2025;True;False;False;False;False;False;True;False;False;False;False;False;True;False
10;46440;2024;True;False;False;False;False;False;True;False;False;False;False;False;True;False
0;51290;2025;True;False;False;False;False;False;True;False;False;False;False;False;True;False
0;51290;2024;True;False;False;False;False;False;True;False;False;False;False;False;True;False
0;52480;2025;True;False;False;False;False;False;True;False;False;False;False;False;True;False
0;52640;2024;True;False;False;False;False;False;True;False;False;False;False;False;True;False
33;53670;2024;True;False;False;False;False;False;True;False;False;False;False;False;True;False
10;56280;2025;True;False;False;False;False;False;True;False;False;False;False;False;True;False
0;58790;2024;True;False;False;False;False;False;True;False;False;False;False;False;True;False
15;112790;2024;False;False;True;False;False;False;True;False;False;False;False;False;True;False
26;115680;2024;False;True;False;False;False;False;True;False;False;False;False;False;True;False
20;117590;2024;False;False;True;False;False;False;True;False;False;False;False;False;True;False
20;126890;2024;False;False;True;False;False;False;True;False;False;False;False;False;True;False
63000;25990;2022;True;False;False;False;True;False;False;False;False;False;False;True;False;False
47479;28490;2020;True;False;False;False;True;False;False;False;False;False;False;True;False;False
124839;25940;2019;True;False;False;False;True;False;False;False;False;False;False;True;False;False
89831;38890;2019;True;False;False;False;True;False;False;False;False;False;False;True;False;False
21318;29700;2020;True;False;False;False;True;False;False;False;False;False;False;True;False;False
96000;48900;2019;True;False;False;False;True;False;False;False;False;False;False;True;False;False
49000;31500;2021;True;False;False;False;True;False;False;False;False;False;False;True;False;False
2490;41500;2024;True;False;False;False;True;False;False;False;False;False;False;True;False;False
74000;37900;2017;True;False;False;False;True;False;False;False;False;False;False;True;False;False
220000;35000;2014;True;False;False;False;True;False;False;False;False;False;False;True;False;False
62000;30490;2022;True;False;False;False;True;False;False;False;False;False;False;True;False;False
39413;28990;2019;True;False;False;False;True;False;False;False;False;False;False;True;False;False
56064;28995;2022;True;False;False;False;True;False;False;False;False;False;False;True;False;False
58000;54900;2020;True;False;False;False;True;False;False;False;False;False;False;True;False;False
93000;25850;2021;True;False;False;False;True;False;False;False;False;False;False;True;False;False
60000;33990;2021;True;False;False;False;True;False;False;False;False;False;False;True;False;False
69800;31900;2021;True;False;False;False;True;False;False;False;False;False;False;True;False;False
128000;24900;2019;True;False;False;False;True;False;False;False;False;False;False;True;False;False
35000;49999;2020;True;False;False;False;True;False;False;False;False;False;False;True;False;False
137183;25000;2019;True;False;False;False;True;False;False;False;False;False;False;True;False;False
57671;29790;2022;True;False;False;False;True;False;False;False;False;False;False;True;False;False
58500;49900;2019;True;False;False;False;True;False;False;False;False;False;False;True;False;False
129446;21500;2020;True;False;False;False;True;False;False;False;False;False;False;True;False;False
43000;37000;2021;True;False;False;False;True;False;False;False;False;False;False;True;False;False
78713;24995;2021;True;False;False;False;True;False;False;False;False;False;False;True;False;False
57000;27950;2022;True;False;False;False;True;False;False;False;False;False;False;True;False;False
65000;27850;2022;True;False;False;False;True;False;False;False;False;False;False;True;False;False
57000;28990;2021;True;False;False;False;False;True;False;False;False;False;False;True;False;False
170000;44800;2019;True;False;False;False;False;True;False;False;False;False;False;True;False;False
71000;24999;2019;True;False;False;False;False;True;False;False;False;False;False;True;False;False
46686;39900;2023;True;False;False;False;False;True;False;False;False;False;False;True;False;False
56000;59900;2017;True;False;False;False;False;True;False;False;False;False;False;True;False;False
18000;79990;2021;True;False;False;False;False;True;False;False;False;False;False;True;False;False
52000;60900;2020;True;False;False;False;False;True;False;False;False;False;False;True;False;False
8900;39900;2022;True;False;False;False;False;True;False;False;False;False;False;True;False;False
85000;54990;2019;True;False;False;False;False;True;False;False;False;False;False;True;False;False
41000;38900;2022;True;False;False;False;False;True;False;False;False;False;False;True;False;False
77000;33900;2020;True;False;False;False;False;True;False;False;False;False;False;True;False;False
16000;89900;2023;True;False;False;False;False;True;False;False;False;False;False;True;False;False
39900;37500;2021;True;False;False;False;False;True;False;False;False;False;False;True;False;False
33900;39990;2023;True;False;False;False;False;True;False;False;False;False;False;True;False;False
15040;87400;2023;True;False;False;False;False;True;False;False;False;False;False;True;False;False
110000;42999;2019;True;False;False;False;False;True;False;False;False;False;False;True;False;False
98226;31890;2021;True;False;False;False;False;True;False;False;False;False;False;True;False;False
69000;32975;2021;True;False;False;False;False;True;False;False;False;False;False;True;False;False
52000;28900;2021;True;False;False;False;False;True;False;False;False;False;False;True;False;False
52000;47900;2017;True;False;False;False;False;True;False;False;False;False;False;True;False;False
1;49900;2024;True;False;False;False;False;True;False;False;False;False;False;True;False;False
42901;33990;2021;True;False;False;False;False;True;False;False;False;False;False;True;False;False
9294;42950;2023;True;False;False;False;False;True;False;False;False;False;False;True;False;False
77000;26850;2020;True;False;False;False;False;True;False;False;False;False;False;True;False;False
4430;85200;2023;True;False;False;False;False;True;False;False;False;False;False;True;False;False
27277;27490;2020;True;False;False;False;False;True;False;False;False;False;False;True;False;False
36000;32490;2021;True;False;False;False;False;True;False;False;False;False;False;True;False;False
84188;28480;2020;True;False;False;False;False;True;False;False;False;False;False;True;False;False
28000;37900;2019;True;False;False;False;False;True;False;False;False;False;False;True;False;False
31886;27990;2019;True;False;False;False;False;True;False;False;False;False;False;True;False;False
88000;29900;2019;True;False;False;False;False;True;False;False;False;False;False;True;False;False
127000;27490;2020;True;False;False;False;False;True;False;False;False;False;False;True;False;False
38091;48990;2020;True;False;False;False;False;True;False;False;False;False;False;True;False;False
55000;35900;2021;True;False;False;False;False;True;False;False;False;False;False;True;False;False
14000;32500;2020;True;False;False;False;False;True;False;False;False;False;False;True;False;False
31000;33500;2022;True;False;False;False;False;True;False;False;False;False;False;True;False;False
120000;32900;2019;True;False;False;False;False;True;False;False;False;False;False;True;False;False
116000;29900;2020;True;False;False;False;False;True;False;False;False;False;False;True;False;False
60000;32990;2022;True;False;False;False;False;True;False;False;False;False;False;True;False;False
95000;23900;2019;True;False;False;False;False;True;False;False;False;False;False;True;False;False
87523;28980;2021;True;False;False;False;False;True;False;False;False;False;False;True;False;False
48523;43900;2022;True;False;False;False;False;True;False;False;False;False;False;True;False;False
113000;25450;2020;True;False;False;False;False;True;False;False;False;False;False;True;False;False
169800;28990;2019;True;False;False;False;False;True;False;False;False;False;False;True;False;False
26000;29850;2020;True;False;False;False;False;True;False;False;False;False;False;True;False;False
88000;26900;2021;True;False;False;False;False;True;False;False;False;False;False;True;False;False
58000;35900;2022;True;False;False;False;False;True;False;False;False;False;False;True;False;False
7925;46990;2024;True;False;False;False;False;True;False;False;False;False;False;True;False;False
49900;37500;2022;True;False;False;False;False;True;False;False;False;False;False;True;False;False
120000;27500;2020;True;False;False;False;False;True;False;False;False;False;False;True;False;False
56000;35500;2021;True;False;False;False;False;True;False;False;False;False;False;True;False;False
9094;83000;2023;True;False;False;False;False;True;False;False;False;False;False;True;False;False
53000;27990;2019;True;False;False;False;False;True;False;False;False;False;False;True;False;False
180000;24990;2019;True;False;False;False;False;True;False;False;False;False;False;True;False;False
16;37000;2024;True;False;False;False;False;True;False;False;False;False;False;True;False;False
188000;24550;2015;False;True;False;False;False;True;False;False;False;False;False;True;False;False
23000;34500;2023;False;True;False;False;False;True;False;False;False;False;False;True;False;False
63776;32990;2021;False;True;False;False;False;True;False;False;False;False;False;True;False;False
44998;30990;2023;False;True;False;False;False;True;False;False;False;False;False;True;False;False
124650;21800;2020;False;True;False;False;False;True;False;False;False;False;False;True;False;False
51900;41900;2022;False;True;False;False;False;True;False;False;False;False;False;True;False;False
90000;28890;2020;False;True;False;False;False;True;False;False;False;False;False;True;False;False
42901;33990;2021;False;True;False;False;False;True;False;False;False;False;False;True;False;False
84188;28480;2020;False;True;False;False;False;True;False;False;False;False;False;True;False;False
127000;27990;2020;False;True;False;False;False;True;False;False;False;False;False;True;False;False
62000;30990;2021;False;True;False;False;False;True;False;False;False;False;False;True;False;False
421;37990;2024;False;True;False;False;False;True;False;False;False;False;False;True;False;False
60000;32990;2022;False;True;False;False;False;True;False;False;False;False;False;True;False;False
57525;33998;2022;False;True;False;False;False;True;False;False;False;False;False;True;False;False
91000;43900;2016;False;False;True;False;False;True;False;False;False;False;False;True;False;False
98226;31890;2021;False;False;True;False;False;True;False;False;False;False;False;True;False;False
29447;42300;2022;False;False;True;False;False;True;False;False;False;False;False;True;False;False
11421;40990;2024;False;False;True;False;False;True;False;False;False;False;False;True;False;False
69855;31999;2019;True;False;False;False;False;False;False;False;False;False;True;True;False;False
138000;26990;2020;True;False;False;False;False;False;True;False;False;False;False;True;False;False
84179;43990;2018;True;False;False;False;False;False;True;False;False;False;False;True;False;False
15000;79900;2022;True;False;False;False;False;False;True;False;False;False;False;True;False;False
114114;39890;2019;True;False;False;False;False;False;True;False;False;False;False;True;False;False
58431;37490;2021;True;False;False;False;False;False;True;False;False;False;False;True;False;False
97000;36490;2017;True;False;False;False;False;False;True;False;False;False;False;True;False;False
58000;54900;2021;True;False;False;False;False;False;True;False;False;False;False;True;False;False
175268;28995;2018;True;False;False;False;False;False;True;False;False;False;False;True;False;False
68000;58498;2019;True;False;False;False;False;False;True;False;False;False;False;True;False;False
10000;35995;2023;True;False;False;False;False;False;True;False;False;False;False;True;False;False
59000;39900;2021;True;False;False;False;False;False;True;False;False;False;False;True;False;False
37500;46500;2019;True;False;False;False;False;False;True;False;False;False;False;True;False;False
68000;29490;2022;True;False;False;False;False;False;True;False;False;False;False;True;False;False
128000;24850;2020;True;False;False;False;False;False;True;False;False;False;False;True;False;False
5000;50900;2024;True;False;False;False;False;False;True;False;False;False;False;True;False;False
30686;34990;2021;True;False;False;False;False;False;True;False;False;False;False;True;False;False
88000;24900;2019;True;False;False;False;False;False;True;False;False;False;False;True;False;False
46500;35500;2021;True;False;False;False;False;False;True;False;False;False;False;True;False;False
59990;36300;2021;True;False;False;False;False;False;True;False;False;False;False;True;False;False
155000;23950;2020;True;False;False;False;False;False;True;False;False;False;False;True;False;False
51600;30950;2021;True;False;False;False;False;False;True;False;False;False;False;True;False;False
49990;31500;2022;True;False;False;False;False;False;True;False;False;False;False;True;False;False
51426;55900;2019;True;False;False;False;False;False;True;False;False;False;False;True;False;False
125000;43500;2017;True;False;False;False;False;False;True;False;False;False;False;True;False;False
175000;28000;2015;True;False;False;False;False;False;True;False;False;False;False;True;False;False
44900;31490;2021;True;False;False;False;False;False;True;False;False;False;False;True;False;False
55852;37890;2023;True;False;False;False;False;False;True;False;False;False;False;True;False;False
128084;21500;2020;True;False;False;False;False;False;True;False;False;False;False;True;False;False
74862;37990;2020;True;False;False;False;False;False;True;False;False;False;False;True;False;False
118900;25800;2017;True;False;False;False;False;False;True;False;False;False;False;True;False;False
73000;25000;2019;True;False;False;False;False;False;True;False;False;False;False;True;False;False
94000;39900;2018;True;False;False;False;False;False;True;False;False;False;False;True;False;False
38000;26890;2020;True;False;False;False;False;False;True;False;False;False;False;True;False;False
53000;27950;2022;True;False;False;False;False;False;True;False;False;False;False;True;False;False
99000;33990;2017;True;False;False;False;False;False;True;False;False;False;False;True;False;False
39980;78990;2023;True;False;False;False;False;False;True;False;False;False;False;True;False;False
98000;25990;2015;False;True;False;False;False;False;False;True;False;False;False;True;False;False
382100;20999;2017;False;True;False;False;False;False;False;True;False;False;False;True;False;False
60000;26995;2016;False;True;False;False;False;False;False;True;False;False;False;True;False;False
32000;32000;2014;False;True;False;False;False;False;False;True;False;False;False;True;False;False
162000;32990;2019;False;True;False;False;False;False;False;False;True;False;False;True;False;False
143350;38990;2018;False;True;False;False;False;False;False;False;True;False;False;True;False;False
104900;24900;2019;False;True;False;False;False;False;False;False;True;False;False;True;False;False
49000;45900;2019;False;True;False;False;False;False;False;False;True;False;False;True;False;False
30000;44999;2022;False;True;False;False;False;False;False;False;True;False;False;True;False;False
17000;39990;2023;False;True;False;False;False;False;False;False;True;False;False;True;False;False
55000;36900;2021;False;True;False;False;False;False;False;False;True;False;False;True;False;False
124645;31800;2020;False;True;False;False;False;False;False;False;True;False;False;True;False;False
36413;35250;2022;False;True;False;False;False;False;False;False;True;False;False;True;False;False
78590;48600;2016;False;True;False;False;False;False;False;False;True;False;False;True;False;False
165000;42900;2018;False;True;False;False;False;False;False;False;True;False;False;True;False;False
20000;49900;2022;False;True;False;False;False;False;False;False;True;False;False;True;False;False
146765;24995;2019;False;True;False;False;False;False;False;False;True;False;False;True;False;False
10000;59900;2022;False;True;False;False;False;False;False;False;True;False;False;True;False;False
39847;44970;2022;False;True;False;False;False;False;False;False;True;False;False;True;False;False
44974;34500;2021;True;False;False;False;False;False;False;False;True;False;False;True;False;False
40000;33990;2021;True;False;False;False;False;False;False;False;True;False;False;True;False;False
79000;39900;2019;True;False;False;False;False;False;False;False;True;False;False;True;False;False
89500;42890;2019;True;False;False;False;False;False;False;False;True;False;False;True;False;False
55000;36900;2021;True;False;False;False;False;False;False;False;True;False;False;True;False;False
47000;37990;2022;True;False;False;False;False;False;False;False;True;False;False;True;False;False
88000;24900;2019;True;False;False;False;False;False;False;False;True;False;False;True;False;False
66066;56990;2020;True;False;False;False;False;False;False;False;True;False;False;True;False;False
10000;89900;2023;True;False;False;False;False;False;False;False;True;False;False;True;False;False
33340;33950;2021;True;False;False;False;False;False;False;False;True;False;False;True;False;False
59999;50950;2020;True;False;False;False;False;False;False;False;True;False;False;True;False;False
75000;22900;2019;True;False;False;False;False;False;False;False;True;False;False;True;False;False
14000;52900;2024;True;False;False;False;False;False;False;False;True;False;False;True;False;False
65000;39900;2021;True;False;False;False;False;False;False;False;True;False;False;True;False;False
10000;84900;2023;True;False;False;False;False;False;False;False;True;False;False;True;False;False
38000;41900;2022;True;False;False;False;False;False;False;False;True;False;False;True;False;False
129200;44900;2017;False;False;True;False;False;False;False;False;True;False;False;True;False;False
133500;49900;2016;False;False;True;False;False;False;False;False;True;False;False;True;False;False
90900;36900;2017;False;False;True;False;False;False;False;False;True;False;False;True;False;False
7000;47990;2024;False;False;True;False;False;False;False;False;True;False;False;True;False;False
10778;36500;2024;False;False;True;False;False;False;False;False;True;False;False;True;False;False
70604;34500;2018;False;False;True;False;False;False;False;False;True;False;False;True;False;False
42191;34000;2021;False;False;True;False;False;False;False;False;True;False;False;True;False;False
68295;35500;2018;False;False;True;False;False;False;False;False;True;False;False;True;False;False
54500;59900;2019;False;False;True;False;False;False;False;False;True;False;False;True;False;False
72000;28475;2021;False;False;True;False;False;False;False;False;True;False;False;True;False;False
109000;26475;2017;False;False;True;False;False;False;False;False;True;False;False;True;False;False
49000;45900;2019;False;False;True;False;False;False;False;False;True;False;False;True;False;False
68000;29890;2021;False;False;True;False;False;False;False;False;True;False;False;True;False;False
48000;33850;2022;False;False;True;False;False;False;False;False;True;False;False;True;False;False
114000;32500;2018;False;True;False;False;False;False;False;False;True;False;False;True;False;False
68867;32490;2016;False;True;False;False;False;False;False;False;True;False;False;True;False;False
140000;27500;2019;False;True;False;False;False;False;False;False;True;False;False;True;False;False
37900;40900;2021;True;False;False;False;False;False;False;False;False;True;False;True;False;False
12146;40500;2024;True;False;False;False;False;False;False;False;False;True;False;True;False;False
107000;44900;2018;True;False;False;False;False;False;False;False;False;True;False;True;False;False
0;37990;2023;True;False;False;False;False;False;False;False;False;True;False;True;False;False
123000;29990;2019;True;False;False;False;False;False;False;False;False;False;True;True;False;False
61046;29900;2019;True;False;False;False;False;False;False;False;False;False;True;True;False;False
16500;44900;2024;True;False;False;False;False;False;False;False;False;False;True;True;False;False
93000;54900;2020;True;False;False;False;False;False;False;False;False;False;True;True;False;False
60000;29990;2020;True;False;False;False;False;False;False;False;False;False;True;True;False;False
119990;59999;2017;True;False;False;False;False;False;False;False;False;False;True;True;False;False
57522;34400;2021;True;False;False;False;False;False;False;False;False;False;True;True;False;False
35;49900;2024;True;False;False;False;False;False;False;False;False;False;True;True;False;False
87000;25490;2019;True;False;False;False;False;False;False;False;False;False;True;True;False;False
74910;33990;2021;True;False;False;False;False;False;False;False;False;False;True;True;False;False
35;52900;2024;True;False;False;False;False;False;False;False;False;False;True;True;False;False
96000;33420;2021;True;False;False;False;False;False;False;False;False;False;True;True;False;False
49990;26490;2020;True;False;False;False;False;False;False;False;False;False;True;True;False;False
109000;49900;2018;True;False;False;False;False;False;False;False;False;False;True;True;False;False
125000;27900;2019;True;False;False;False;False;False;False;False;False;False;True;True;False;False
320000;32990;2017;True;False;False;False;False;False;False;False;False;False;True;True;False;False
233000;21990;2014;False;True;False;False;False;False;False;False;False;False;True;True;False;False
39000;38900;2019;False;True;False;False;False;False;False;False;False;False;True;True;False;False
96000;33420;2021;False;True;False;False;False;False;False;False;False;False;True;True;False;False
39398;30990;2022;False;True;False;False;False;False;False;False;False;False;True;True;False;False
49990;26490;2020;False;True;False;False;False;False;False;False;False;False;True;True;False;False
87000;25490;2019;False;True;False;False;False;False;False;False;False;False;True;True;False;False
79681;32500;2021;False;True;False;False;False;False;False;False;False;False;True;True;False;False
23000;34500;2023;True;False;False;False;False;True;False;False;False;False;False;True;False;False
90000;28890;2020;True;False;False;False;False;True;False;False;False;False;False;True;False;False
57525;33998;2022;True;False;False;False;False;True;False;False;False;False;False;True;False;False
138000;26990;2020;True;False;False;False;False;False;False;False;False;False;True;True;False;False
143350;38990;2018;True;False;False;False;False;False;False;False;False;False;True;True;False;False
94000;51990;2020;True;False;False;False;False;False;False;False;False;False;True;True;False;False
114114;39890;2019;False;True;False;False;False;False;True;False;False;False;False;True;False;False
58431;37490;2021;False;True;False;False;False;False;True;False;False;False;False;True;False;False
68000;58498;2019;False;True;False;False;False;False;True;False;False;False;False;True;False;False
10000;35995;2023;False;True;False;False;False;False;True;False;False;False;False;True;False;False
37500;46500;2019;False;True;False;False;False;False;True;False;False;False;False;True;False;False
128000;24850;2020;False;True;False;False;False;False;True;False;False;False;False;True;False;False
88000;24900;2019;False;True;False;False;False;False;True;False;False;False;False;True;False;False
46500;35500;2021;False;True;False;False;False;False;True;False;False;False;False;True;False;False
59990;36300;2021;False;True;False;False;False;False;True;False;False;False;False;True;False;False
155000;23950;2020;False;True;False;False;False;False;True;False;False;False;False;True;False;False
51600;30950;2021;False;True;False;False;False;False;True;False;False;False;False;True;False;False
49990;31500;2022;False;True;False;False;False;False;True;False;False;False;False;True;False;False
51426;55900;2019;False;True;False;False;False;False;True;False;False;False;False;True;False;False
175000;28000;2015;False;True;False;False;False;False;True;False;False;False;False;True;False;False
94000;39900;2018;False;True;False;False;False;False;True;False;False;False;False;True;False;False
38000;26890;2020;False;True;False;False;False;False;True;False;False;False;False;True;False;False
53000;27950;2022;False;True;False;False;False;False;True;False;False;False;False;True;False;False
40000;33990;2021;False;True;False;False;False;False;False;False;True;False;False;True;False;False
47000;37990;2022;False;True;False;False;False;False;False;False;True;False;False;True;False;False
59999;50950;2020;False;True;False;False;False;False;False;False;True;False;False;True;False;False
75000;22900;2019;False;True;False;False;False;False;False;False;True;False;False;True;False;False
129200;44900;2017;False;True;False;False;False;False;False;False;True;False;False;True;False;False
133500;49900;2016;False;True;False;False;False;False;False;False;True;False;False;True;False;False
54500;59900;2019;False;True;False;False;False;False;False;False;True;False;False;True;False;False
72000;28475;2021;False;True;False;False;False;False;False;False;True;False;False;True;False;False
109000;26475;2017;False;True;False;False;False;False;False;False;True;False;False;True;False;False
48000;33850;2022;False;True;False;False;False;False;False;False;True;False;False;True;False;False
